Year,Pentad,RR
1981,1,4.26
1981,2,1.75
1981,3,0
1981,4,2.15
1981,5,0
1981,6,0.5666666667
1981,7,0.7
1981,8,0
1981,9,0
1981,10,0
1981,11,0
1981,12,0
1981,13,0
1981,14,0
1981,15,0
1981,16,0
1981,17,0
1981,18,0
1981,19,0
1981,20,0
1981,21,6.24
1981,22,0.6
1981,23,30.8
1981,24,21.25
1981,25,3.75
1981,26,3.8
1981,27,14.06
1981,28,13.325
1981,29,5
1981,30,12.8
1981,31,16.8333333333
1981,32,10.625
1981,33,66.78
1981,34,22.22
1981,35,12.84
1981,36,15.4666666667
1981,37,30.85
1981,38,15.75
1981,39,17.9
1981,40,22.38
1981,41,15
1981,42,9.2666666667
1981,43,34.15
1981,44,36.48
1981,45,8.32
1981,46,31.7
1981,47,84.18
1981,48,34.84
1981,49,12.95
1981,50,11.5
1981,51,1.45
1981,52,10.825
1981,53,90.88
1981,54,4.06
1981,55,23.3
1981,56,8.78
1981,57,1.35
1981,58,0.96
1981,59,2.02
1981,60,12.925
1981,61,10.075
1981,62,0
1981,63,1.4333333333
1981,64,0
1981,65,0.925
1981,66,49.6
1981,67,0
1981,68,0
1981,69,0
1981,70,0
1981,71,0
1981,72,0.1333333333
1981,73,0
1982,1,0
1982,2,0
1982,3,0
1982,4,0
1982,5,0
1982,6,0
1982,7,0
1982,8,0
1982,9,3.24
1982,10,1.3
1982,11,0
1982,12,0
1982,13,0
1982,14,0
1982,15,0
1982,16,0
1982,17,2.225
1982,18,4.2
1982,19,22.84
1982,20,2.72
1982,21,4.425
1982,22,3.6
1982,23,0
1982,24,3.9666666667
1982,25,1.96
1982,26,9.25
1982,27,4.4
1982,28,14.76
1982,29,2.6666666667
1982,30,15.24
1982,31,24.02
1982,32,8.6
1982,33,0.7333333333
1982,34,0
1982,35,26.3
1982,36,13.68
1982,37,92.8
1982,38,10.42
1982,39,12.875
1982,40,20.2
1982,41,8.24
1982,42,83.88
1982,43,23.05
1982,44,83.58
1982,45,16
1982,46,12.72
1982,47,1.6
1982,48,43.92
1982,49,42.4
1982,50,2.82
1982,51,5.45
1982,52,3.45
1982,53,45.38
1982,54,25.8
1982,55,6.36
1982,56,3.7
1982,57,4.08
1982,58,31.88
1982,59,9.05
1982,60,1.24
1982,61,0
1982,62,0
1982,63,4.96
1982,64,9.8
1982,65,2.9
1982,66,0.8
1982,67,8.8
1982,68,1.45
1982,69,0.6
1982,70,0.24
1982,71,2.02
1982,72,2.8666666667
1982,73,3.8
1983,1,2.6
1983,2,0
1983,3,2.6
1983,4,5.4
1983,5,1.1333333333
1983,6,0
1983,7,0
1983,8,0
1983,9,0
1983,10,3
1983,11,0.08
1983,12,0
1983,13,2.6
1983,14,0
1983,15,0
1983,16,0
1983,17,0
1983,18,0
1983,19,0
1983,20,0
1983,21,0
1983,22,0
1983,23,0
1983,24,0
1983,25,0
1983,26,0
1983,27,0
1983,28,4.56
1983,29,10.65
1983,30,1.7
1983,31,21.625
1983,32,28.0666666667
1983,33,1.8666666667
1983,34,5.5
1983,35,0
1983,36,0.8
1983,37,5.25
1983,38,5.8
1983,39,9.78
1983,40,6.075
1983,41,8
1983,42,20.42
1983,43,20.98
1983,44,26.94
1983,45,63.5
1983,46,82.625
1983,47,7.68
1983,48,5.8
1983,49,12.0666666667
1983,50,12.88
1983,51,3.92
1983,52,10.04
1983,53,12.2
1983,54,32.5
1983,55,8.9
1983,56,0.55
1983,57,11.45
1983,58,2
1983,59,11.75
1983,60,3.6
1983,61,9.88
1983,62,4.92
1983,63,0
1983,64,5.1
1983,65,0
1983,66,1.5
1983,67,0.45
1983,68,0
1983,69,0
1983,70,0
1983,71,0
1983,72,0
1983,73,0.2
1984,1,0
1984,2,0
1984,3,0
1984,4,0
1984,5,2.45
1984,6,0.2
1984,7,0
1984,8,0
1984,9,0
1984,10,0
1984,11,0
1984,12,0.4
1984,13,0.3333333333
1984,14,3.44
1984,15,13.4
1984,16,0
1984,17,0
1984,18,1.76
1984,19,0
1984,20,0
1984,21,5.7
1984,22,19.62
1984,23,9.8
1984,24,9.88
1984,25,25.6
1984,26,28.76
1984,27,11.2
1984,28,15.08
1984,29,18.72
1984,30,5.68
1984,31,4.72
1984,32,2.7333333333
1984,33,7.7
1984,34,21.3
1984,35,35.48
1984,36,10.18
1984,37,30.2
1984,38,21.66
1984,39,7.55
1984,40,6.4
1984,41,6.75
1984,42,2.45
1984,43,4.88
1984,44,8.7
1984,45,13.2
1984,46,88.64
1984,47,16
1984,48,91.14
1984,49,87.86
1984,50,3.6
1984,51,14.16
1984,52,13.32
1984,53,7.24
1984,54,37.9
1984,55,0.6
1984,56,17.66
1984,57,10.2
1984,58,1.92
1984,59,4.52
1984,60,4.975
1984,61,32.76
1984,62,2.58
1984,63,0
1984,64,0
1984,65,0.55
1984,66,0
1984,67,0
1984,68,1.15
1984,69,0
1984,70,0
1984,71,0
1984,72,0
1984,73,0
1985,1,0
1985,2,0
1985,3,0
1985,4,0
1985,5,0
1985,6,1.48
1985,7,0.28
1985,8,0
1985,9,1.4
1985,10,5.3
1985,11,0
1985,12,4.1
1985,13,0
1985,14,0
1985,15,0.2666666667
1985,16,9.1
1985,17,6.75
1985,18,1.36
1985,19,2.625
1985,20,0.05
1985,21,7.72
1985,22,9.3333333333
1985,23,16.12
1985,24,15.45
1985,25,11.775
1985,26,18.94
1985,27,1.35
1985,28,1.38
1985,29,11.875
1985,30,37.06
1985,31,19.5333333333
1985,32,11.44
1985,33,9.64
1985,34,13.78
1985,35,156.98
1985,36,106.48
1985,37,8.6
1985,38,8.94
1985,39,2.58
1985,40,9
1985,41,5.32
1985,42,7.24
1985,43,13.92
1985,44,11.46
1985,45,39.5
1985,46,12.62
1985,47,121.1
1985,48,83.66
1985,49,9.04
1985,50,50.98
1985,51,30.875
1985,52,3.8
1985,53,10.02
1985,54,2.8
1985,55,6.26
1985,56,6.45
1985,57,0.4
1985,58,0.2
1985,59,21.08
1985,60,23.38
1985,61,3.025
1985,62,0.76
1985,63,0
1985,64,4.5
1985,65,1.8
1985,66,10.875
1985,67,0.55
1985,68,2.16
1985,69,0
1985,70,0
1985,71,0
1985,72,0
1985,73,1.15
1986,1,0
1986,2,0
1986,3,0
1986,4,0
1986,5,0
1986,6,7.2
1986,7,3.55
1986,8,0
1986,9,0
1986,10,0.02
1986,11,0
1986,12,0.1666666667
1986,13,0
1986,14,0.7
1986,15,0.2
1986,16,0
1986,17,0.725
1986,18,0
1986,19,0
1986,20,0.15
1986,21,0.42
1986,22,0
1986,23,0
1986,24,0.18
1986,25,2.25
1986,26,5.425
1986,27,31.3333333333
1986,28,8.5
1986,29,42.12
1986,30,27.02
1986,31,15.875
1986,32,0
1986,33,13.1
1986,34,10.66
1986,35,5.08
1986,36,9.88
1986,37,18.46
1986,38,230.46
1986,39,37.375
1986,40,1.95
1986,41,6.42
1986,42,9.7666666667
1986,43,55.52
1986,44,13.18
1986,45,6.8
1986,46,12.82
1986,47,29.1
1986,48,73.06
1986,49,176.2
1986,50,37.24
1986,51,1.64
1986,52,17.26
1986,53,16.9
1986,54,13.14
1986,55,6.3333333333
1986,56,4.56
1986,57,9.36
1986,58,6.2
1986,59,2.54
1986,60,4.075
1986,61,1.25
1986,62,0.3
1986,63,1.72
1986,64,10.1666666667
1986,65,0
1986,66,0
1986,67,0.24
1986,68,0.4333333333
1986,69,0.6
1986,70,0
1986,71,0
1986,72,3.4
1986,73,0
1987,1,0
1987,2,0
1987,3,0
1987,4,0
1987,5,0
1987,6,0
1987,7,0
1987,8,0
1987,9,0
1987,10,0
1987,11,0
1987,12,0
1987,13,0
1987,14,0
1987,15,1.64
1987,16,0
1987,17,0
1987,18,0
1987,19,7.3666666667
1987,20,0
1987,21,0.125
1987,22,0
1987,23,1.7
1987,24,0
1987,25,8.075
1987,26,3.1333333333
1987,27,6.25
1987,28,13.05
1987,29,7.3
1987,30,14.7
1987,31,21.975
1987,32,8.4
1987,33,34.68
1987,34,8.24
1987,35,0.7
1987,36,9.72
1987,37,6.4333333333
1987,38,7.04
1987,39,10.72
1987,40,9.04
1987,41,18.76
1987,42,16.7
1987,43,5.64
1987,44,6.6
1987,45,19.34
1987,46,17.64
1987,47,15
1987,48,42.2
1987,49,72.84
1987,50,38.9
1987,51,29.9
1987,52,5.2
1987,53,5.1
1987,54,7.76
1987,55,2.65
1987,56,5.35
1987,57,9.84
1987,58,0.04
1987,59,6.02
1987,60,77.8
1987,61,2.85
1987,62,0
1987,63,0
1987,64,0.05
1987,65,1.9666666667
1987,66,0.85
1987,67,0
1987,68,5.55
1987,69,0.76
1987,70,0
1987,71,0.12
1987,72,0.275
1987,73,0
1988,1,1.8
1988,2,0.875
1988,3,0.42
1988,4,0
1988,5,0
1988,6,0
1988,7,0
1988,8,0
1988,9,5.775
1988,10,2.04
1988,11,1.1333333333
1988,12,0.0333333333
1988,13,0
1988,14,0.05
1988,15,0
1988,16,0
1988,17,0
1988,18,0
1988,19,13.16
1988,20,4.52
1988,21,4
1988,22,1.35
1988,23,1.3
1988,24,0.8
1988,25,3
1988,26,3.88
1988,27,1
1988,28,4.28
1988,29,3
1988,30,40.72
1988,31,59.8
1988,32,27.62
1988,33,7.05
1988,34,5.75
1988,35,11.48
1988,36,5
1988,37,10.42
1988,38,8.44
1988,39,17.56
1988,40,65.44
1988,41,19.6
1988,42,50.22
1988,43,19.32
1988,44,23.26
1988,45,4.34
1988,46,2.08
1988,47,8.3
1988,48,6.84
1988,49,0.25
1988,50,8.8
1988,51,10.52
1988,52,14.3
1988,53,18.54
1988,54,21.8666666667
1988,55,5.52
1988,56,4.0333333333
1988,57,4.76
1988,58,0
1988,59,24.94
1988,60,51.08
1988,61,3.24
1988,62,0.4666666667
1988,63,3.6
1988,64,0.8
1988,65,0
1988,66,0
1988,67,0
1988,68,0
1988,69,0
1988,70,0
1988,71,0
1988,72,0.8
1988,73,0.05
1989,1,0
1989,2,0
1989,3,0
1989,4,5.8
1989,5,6.75
1989,6,0
1989,7,0
1989,8,0
1989,9,0
1989,10,0.18
1989,11,0
1989,12,16.85
1989,13,0.04
1989,14,0
1989,15,8.1
1989,16,12.2666666667
1989,17,6.3
1989,18,2.88
1989,19,0.74
1989,20,3.76
1989,21,0.52
1989,22,0.04
1989,23,0
1989,24,6.475
1989,25,14.82
1989,26,2.58
1989,27,6.75
1989,28,32.78
1989,29,4.4
1989,30,9.35
1989,31,3.8
1989,32,4.9
1989,33,2.2
1989,34,10.65
1989,35,40.46
1989,36,12.05
1989,37,0.9
1989,38,14.28
1989,39,0.75
1989,40,177.725
1989,41,3.975
1989,42,103.8
1989,43,55.96
1989,44,36.18
1989,45,8.4666666667
1989,46,28.06
1989,47,10.82
1989,48,1.5333333333
1989,49,21.22
1989,50,4.38
1989,51,214.68
1989,52,39.42
1989,53,14.1
1989,54,15.54
1989,55,6.44
1989,56,2.82
1989,57,28.14
1989,58,0
1989,59,64.9666666667
1989,60,0
1989,61,0
1989,62,0.82
1989,63,0.2
1989,64,0
1989,65,0.4
1989,66,19.56
1989,67,0.4
1989,68,0
1989,69,0
1989,70,0
1989,71,0.1
1989,72,0
1989,73,0
1990,1,0
1990,2,0
1990,3,0
1990,4,0
1990,5,0
1990,6,0
1990,7,0
1990,8,0
1990,9,0
1990,10,0
1990,11,0
1990,12,0
1990,13,0
1990,14,0
1990,15,0
1990,16,0
1990,17,0
1990,18,1.38
1990,19,0
1990,20,0
1990,21,0.1666666667
1990,22,0
1990,23,3.8
1990,24,0
1990,25,5.525
1990,26,11.975
1990,27,8.46
1990,28,2.9
1990,29,10
1990,30,29.82
1990,31,23.8
1990,32,4.64
1990,33,10.25
1990,34,4.72
1990,35,114.42
1990,36,83.275
1990,37,20.475
1990,38,14.42
1990,39,11.44
1990,40,11.56
1990,41,21.56
1990,42,33.36
1990,43,21.6
1990,44,3.9
1990,45,11.48
1990,46,47.675
1990,47,93.04
1990,48,91.72
1990,49,97.2
1990,50,88.225
1990,51,18.62
1990,52,41.875
1990,53,6.3
1990,54,14.6
1990,55,3.125
1990,56,1.1
1990,57,1
1990,58,5.38
1990,59,14.76
1990,60,0
1990,61,0.08
1990,62,6.8
1990,63,1.42
1990,64,2.3
1990,65,0.2
1990,66,0
1990,67,0.18
1990,68,0
1990,69,0
1990,70,1.44
1990,71,0
1990,72,0.08
1990,73,0
1991,1,0
1991,2,0
1991,3,0
1991,4,0
1991,5,0
1991,6,0
1991,7,0
1991,8,0
1991,9,1.4
1991,10,0.15
1991,11,1.7333333333
1991,12,0
1991,13,0
1991,14,0
1991,15,0
1991,16,0
1991,17,2.12
1991,18,0
1991,19,19.5333333333
1991,20,1.72
1991,21,0
1991,22,6.04
1991,23,5.56
1991,24,0.1333333333
1991,25,18.6
1991,26,6.02
1991,27,0.76
1991,28,1.54
1991,29,1.6
1991,30,0
1991,31,1.44
1991,32,0.14
1991,33,6.78
1991,34,18.58
1991,35,8.26
1991,36,0
1991,37,2.32
1991,38,10.2666666667
1991,39,4.9
1991,40,15.64
1991,41,41.5
1991,42,46.18
1991,43,15.475
1991,44,13.62
1991,45,31.8
1991,46,15.8
1991,47,26.88
1991,48,27.98
1991,49,19.8
1991,50,27.3
1991,51,7.48
1991,52,28.975
1991,53,42
1991,54,2.46
1991,55,8.72
1991,56,5.24
1991,57,0.2
1991,58,6.85
1991,59,0.04
1991,60,165.08
1991,61,167.78
1991,62,0
1991,63,0
1991,64,0.0666666667
1991,65,3.825
1991,66,0
1991,67,0
1991,68,0
1991,69,0.25
1991,70,0.04
1991,71,0
1991,72,0
1991,73,0
1992,1,0.94
1992,2,0.6
1992,3,0.4
1992,4,0
1992,5,0
1992,6,0
1992,7,0
1992,8,0
1992,9,0
1992,10,0
1992,11,0.08
1992,12,0
1992,13,0
1992,14,0
1992,15,0
1992,16,1.44
1992,17,0
1992,18,12.12
1992,19,0.06
1992,20,0.12
1992,21,4.5
1992,22,0
1992,23,0.94
1992,24,0
1992,25,0
1992,26,0.24
1992,27,18.84
1992,28,4.35
1992,29,17.66
1992,30,29.68
1992,31,59.3
1992,32,2.98
1992,33,5.92
1992,34,15.375
1992,35,8.55
1992,36,29.925
1992,37,10.28
1992,38,0.32
1992,39,26.6
1992,40,6.64
1992,41,29.08
1992,42,30.78
1992,43,6.86
1992,44,11.925
1992,45,5.14
1992,46,53.96
1992,47,22.66
1992,48,82.8
1992,49,113.38
1992,50,131.68
1992,51,4.52
1992,52,13.5
1992,53,158.1
1992,54,1.5333333333
1992,55,8.775
1992,56,7.84
1992,57,2.52
1992,58,0.85
1992,59,10.775
1992,60,3.04
1992,61,2.94
1992,62,0
1992,63,0.14
1992,64,2.16
1992,65,0
1992,66,0.16
1992,67,0
1992,68,0
1992,69,0.12
1992,70,0
1992,71,0
1992,72,0
1992,73,0
1993,1,0
1993,2,0
1993,3,0
1993,4,0.28
1993,5,0
1993,6,0.15
1993,7,0
1993,8,0
1993,9,0.36
1993,10,0
1993,11,0.36
1993,12,0
1993,13,0
1993,14,0
1993,15,0.425
1993,16,0.46
1993,17,0
1993,18,0
1993,19,0.92
1993,20,2.2
1993,21,9.76
1993,22,3.25
1993,23,1.32
1993,24,0.88
1993,25,0.45
1993,26,0.44
1993,27,3.375
1993,28,0
1993,29,0.02
1993,30,5.05
1993,31,3.6
1993,32,12.42
1993,33,7.14
1993,34,10.64
1993,35,10.98
1993,36,200.1
1993,37,3.08
1993,38,7.3
1993,39,3.48
1993,40,36.95
1993,41,14.1
1993,42,19.7
1993,43,14.7
1993,44,8.72
1993,45,16.44
1993,46,31.6
1993,47,15.025
1993,48,12.3
1993,49,6.14
1993,50,19.78
1993,51,42.28
1993,52,16.72
1993,53,11.725
1993,54,6
1993,55,6.64
1993,56,91.56
1993,57,0.475
1993,58,8.525
1993,59,13.825
1993,60,1.24
1993,61,36.9666666667
1993,62,12.74
1993,63,0
1993,64,2.4
1993,65,0.62
1993,66,0
1993,67,0
1993,68,0.7666666667
1993,69,0.525
1993,70,1.64
1993,71,0
1993,72,0
1993,73,2.62
1994,1,0.475
1994,2,0.76
1994,3,0.8
1994,4,0
1994,5,0
1994,6,4.4666666667
1994,7,0
1994,8,0.52
1994,9,0
1994,10,0
1994,11,0.6
1994,12,0
1994,13,0.5
1994,14,0
1994,15,2.7
1994,16,0
1994,17,26.3666666667
1994,18,0
1994,19,0
1994,20,7.925
1994,21,0.1
1994,22,8.18
1994,23,4.94
1994,24,1.16
1994,25,22.45
1994,26,17.48
1994,27,7.65
1994,28,15.72
1994,29,10.9
1994,30,2.2
1994,31,10.2
1994,32,4.66
1994,33,8.2
1994,34,3.2
1994,35,8.72
1994,36,4.325
1994,37,16.02
1994,38,9.8
1994,39,43
1994,40,43.68
1994,41,107.28
1994,42,26.62
1994,43,35.26
1994,44,84.46
1994,45,0
1994,46,0.98
1994,47,14.86
1994,48,10.3
1994,49,9.6
1994,50,5.26
1994,51,2.64
1994,52,18.32
1994,53,5.42
1994,54,1.56
1994,55,1.26
1994,56,4.02
1994,57,8.375
1994,58,9.32
1994,59,2
1994,60,0.075
1994,61,2.38
1994,62,0.74
1994,63,0.16
1994,64,0
1994,65,0
1994,66,0.24
1994,67,0
1994,68,0
1994,69,0
1994,70,0
1994,71,0
1994,72,0.925
1994,73,0
1995,1,0
1995,2,0
1995,3,0
1995,4,0
1995,5,0
1995,6,0
1995,7,0.88
1995,8,0
1995,9,0
1995,10,0
1995,11,0
1995,12,0
1995,13,0
1995,14,0
1995,15,0
1995,16,0
1995,17,0
1995,18,0
1995,19,0
1995,20,0.55
1995,21,5.64
1995,22,0
1995,23,0.38
1995,24,0
1995,25,0
1995,26,1.8
1995,27,10.8
1995,28,9.15
1995,29,19.48
1995,30,8
1995,31,8.02
1995,32,17.54
1995,33,2.325
1995,34,0.1
1995,35,2
1995,36,0.55
1995,37,9.24
1995,38,1.3
1995,39,6.7
1995,40,6.76
1995,41,8.34
1995,42,67.075
1995,43,25.38
1995,44,5.1
1995,45,27.2333333333
1995,46,18.8
1995,47,12.3
1995,48,23.3
1995,49,56.26
1995,50,5.15
1995,51,14.02
1995,52,22.9
1995,53,8.82
1995,54,1.18
1995,55,17.32
1995,56,4.28
1995,57,5.04
1995,58,0.8
1995,59,0.7
1995,60,5
1995,61,2.86
1995,62,9.55
1995,63,2.6
1995,64,0
1995,65,0
1995,66,3.3
1995,67,9.9
1995,68,0
1995,69,2.3
1995,70,1.04
1995,71,0.2
1995,72,7.675
1995,73,0
1996,1,0
1996,2,0
1996,3,0
1996,4,0.22
1996,5,0.35
1996,6,0.35
1996,7,0
1996,8,0.92
1996,9,0
1996,10,0
1996,11,0
1996,12,0
1996,13,0.08
1996,14,0
1996,15,1.4
1996,16,1.76
1996,17,0
1996,18,0
1996,19,4.4
1996,20,1.5
1996,21,0.3
1996,22,1.52
1996,23,7.32
1996,24,4.65
1996,25,11.44
1996,26,3.45
1996,27,6.22
1996,28,23.4
1996,29,9.28
1996,30,9.74
1996,31,5.2
1996,32,16.8666666667
1996,33,4.2
1996,34,1.15
1996,35,4.4
1996,36,9.72
1996,37,3.8
1996,38,8.275
1996,39,1.35
1996,40,6.62
1996,41,73.875
1996,42,133.52
1996,43,102.08
1996,44,20
1996,45,82.56
1996,46,7.65
1996,47,22.52
1996,48,0.3
1996,49,21.84
1996,50,8.6
1996,51,16.825
1996,52,13.18
1996,53,21.62
1996,54,17.3666666667
1996,55,4.1
1996,56,18.04
1996,57,11.2
1996,58,6.5
1996,59,6.64
1996,60,5.52
1996,61,2.0666666667
1996,62,0.375
1996,63,65.475
1996,64,16
1996,65,1.4
1996,66,0.2
1996,67,0.05
1996,68,0.08
1996,69,0
1996,70,0
1996,71,0
1996,72,0
1996,73,0
1997,1,0.28
1997,2,0.05
1997,3,0
1997,4,0
1997,5,0
1997,6,0.08
1997,7,0.1
1997,8,0
1997,9,0.04
1997,10,0
1997,11,0
1997,12,0
1997,13,0.35
1997,14,0
1997,15,0.06
1997,16,1.25
1997,17,3.58
1997,18,0
1997,19,0
1997,20,8.36
1997,21,0.52
1997,22,6.22
1997,23,2.72
1997,24,0
1997,25,15.98
1997,26,5.45
1997,27,0
1997,28,0.25
1997,29,35.12
1997,30,14.55
1997,31,17.9
1997,32,6.75
1997,33,0.32
1997,34,3.68
1997,35,15.8
1997,36,10.9
1997,37,3.66
1997,38,6.08
1997,39,2.2666666667
1997,40,8.96
1997,41,11.9
1997,42,17.825
1997,43,14.76
1997,44,46.9
1997,45,7.86
1997,46,95.78
1997,47,23.64
1997,48,46.72
1997,49,21.46
1997,50,3.75
1997,51,2.8666666667
1997,52,0.1333333333
1997,53,16.42
1997,54,9.125
1997,55,9.8
1997,56,7.2
1997,57,10.025
1997,58,1
1997,59,3.58
1997,60,0.8
1997,61,0.4
1997,62,11.92
1997,63,0
1997,64,3.32
1997,65,2.42
1997,66,0
1997,67,0
1997,68,0
1997,69,0
1997,70,0
1997,71,0
1997,72,0
1997,73,0
1998,1,0
1998,2,0
1998,3,0
1998,4,0
1998,5,0
1998,6,0
1998,7,0
1998,8,0
1998,9,0
1998,10,0
1998,11,0
1998,12,1.84
1998,13,0.6
1998,14,0
1998,15,0
1998,16,0
1998,17,0.55
1998,18,0
1998,19,0
1998,20,0
1998,21,0
1998,22,5.02
1998,23,0
1998,24,3.8
1998,25,1.24
1998,26,5.4
1998,27,16.05
1998,28,2.4
1998,29,18.16
1998,30,19.82
1998,31,2.04
1998,32,0.2
1998,33,1.4
1998,34,2.5666666667
1998,35,15.1
1998,36,4
1998,37,2.075
1998,38,26.82
1998,39,4.5
1998,40,3.0666666667
1998,41,2.52
1998,42,22.675
1998,43,14.72
1998,44,19.16
1998,45,16.7666666667
1998,46,0.15
1998,47,10.48
1998,48,5.52
1998,49,1.5
1998,50,7.65
1998,51,33.18
1998,52,86.58
1998,53,49.2
1998,54,15.32
1998,55,22.04
1998,56,7.84
1998,57,0
1998,58,286.25
1998,59,13.4
1998,60,58.94
1998,61,1.08
1998,62,4.84
1998,63,2.35
1998,64,0.25
1998,65,0.9
1998,66,7.04
1998,67,2.36
1998,68,0.04
1998,69,2.64
1998,70,1.95
1998,71,15.4333333333
1998,72,5.3
1998,73,0.2
1999,1,0
1999,2,0.6
1999,3,0.12
1999,4,0.42
1999,5,0
1999,6,0
1999,7,0
1999,8,0
1999,9,0
1999,10,0
1999,11,0
1999,12,0.05
1999,13,7.54
1999,14,7.275
1999,15,0
1999,16,3.16
1999,17,0
1999,18,7.7
1999,19,7.84
1999,20,7.04
1999,21,21.26
1999,22,0.16
1999,23,0
1999,24,16
1999,25,1.6
1999,26,0.96
1999,27,14.08
1999,28,2.64
1999,29,22.96
1999,30,17.16
1999,31,21.96
1999,32,31.88
1999,33,18.9
1999,34,20.96
1999,35,6.6
1999,36,6.82
1999,37,12.28
1999,38,10.76
1999,39,9.7
1999,40,10.36
1999,41,46
1999,42,50.6
1999,43,83.08
1999,44,54.36
1999,45,14.6
1999,46,1.16
1999,47,106.92
1999,48,9.56
1999,49,6.74
1999,50,13.48
1999,51,17.92
1999,52,42.06
1999,53,49.96
1999,54,7.2
1999,55,17.04
1999,56,118.46
1999,57,8.4333333333
1999,58,8.18
1999,59,2.52
1999,60,0
1999,61,0.25
1999,62,15.85
1999,63,2.15
1999,64,0.08
1999,65,3.6
1999,66,0.88
1999,67,2.075
1999,68,0
1999,69,2.64
1999,70,0
1999,71,7.025
1999,72,0.56
1999,73,0.08
2000,1,0
2000,2,0
2000,3,0.72
2000,4,0
2000,5,0
2000,6,0
2000,7,0
2000,8,12.5
2000,9,0
2000,10,0
2000,11,0.0666666667
2000,12,7.3666666667
2000,13,2.32
2000,14,4.62
2000,15,1.7666666667
2000,16,3.85
2000,17,12.7
2000,18,11.64
2000,19,4.68
2000,20,1.075
2000,21,14.65
2000,22,6
2000,23,8.04
2000,24,5.55
2000,25,1.76
2000,26,5.68
2000,27,3.68
2000,28,45.04
2000,29,33.92
2000,30,4.04
2000,31,9.28
2000,32,7.6
2000,33,7.88
2000,34,10.7
2000,35,11.4
2000,36,3.76
2000,37,72.94
2000,38,142.8
2000,39,7.64
2000,40,20.2
2000,41,19.08
2000,42,15.84
2000,43,6.8
2000,44,30.78
2000,45,4.8
2000,46,7.68
2000,47,31.7
2000,48,35.775
2000,49,37.84
2000,50,33.56
2000,51,19.76
2000,52,8.4
2000,53,12.28
2000,54,40.6
2000,55,11.1
2000,56,2.15
2000,57,14.52
2000,58,13.5
2000,59,9.68
2000,60,1.1333333333
2000,61,143
2000,62,3.56
2000,63,6.95
2000,64,0.52
2000,65,0
2000,66,0.6
2000,67,1.64
2000,68,2
2000,69,0.2666666667
2000,70,0.44
2000,71,0
2000,72,0.56
2000,73,7.96
2001,1,0
2001,2,0.25
2001,3,2.68
2001,4,0.04
2001,5,0
2001,6,0
2001,7,0.88
2001,8,0
2001,9,0
2001,10,0.16
2001,11,1.98
2001,12,6.1
2001,13,0
2001,14,5.68
2001,15,0.32
2001,16,0
2001,17,20.76
2001,18,31.2
2001,19,5.6
2001,20,0
2001,21,2.25
2001,22,0
2001,23,10.1
2001,24,1.05
2001,25,7.48
2001,26,10.64
2001,27,17.2
2001,28,2.8
2001,29,10.8
2001,30,9.28
2001,31,34.35
2001,32,6.52
2001,33,12.6
2001,34,9.68
2001,35,22.4
2001,36,12.7
2001,37,250
2001,38,20.3
2001,39,11.56
2001,40,12.68
2001,41,7.68
2001,42,29.68
2001,43,6.92
2001,44,4.04
2001,45,10.04
2001,46,15.04
2001,47,3.96
2001,48,13.3
2001,49,14.7
2001,50,28.4
2001,51,18
2001,52,22.36
2001,53,12.15
2001,54,87.28
2001,55,3.5333333333
2001,56,8.04
2001,57,9
2001,58,0
2001,59,2.8
2001,60,0
2001,61,0
2001,62,0
2001,63,0.8
2001,64,8.52
2001,65,3.75
2001,66,0
2001,67,0
2001,68,2.44
2001,69,2.14
2001,70,0
2001,71,0
2001,72,0
2001,73,0.06
2002,1,0
2002,2,0
2002,3,1
2002,4,0
2002,5,0
2002,6,0
2002,7,0
2002,8,0
2002,9,0.12
2002,10,0
2002,11,0
2002,12,0.28
2002,13,0
2002,14,0
2002,15,0.08
2002,16,0
2002,17,0.05
2002,18,0
2002,19,0.2
2002,20,0.3
2002,21,3.84
2002,22,4.25
2002,23,0
2002,24,6.56
2002,25,3
2002,26,0
2002,27,0.95
2002,28,9.2
2002,29,20.68
2002,30,17
2002,31,21.38
2002,32,33.08
2002,33,2.92
2002,34,9.08
2002,35,8.24
2002,36,9.62
2002,37,12.96
2002,38,165.48
2002,39,121.86
2002,40,4.16
2002,41,21.16
2002,42,19.54
2002,43,78.34
2002,44,7.4
2002,45,26.98
2002,46,8.64
2002,47,14.25
2002,48,6.9333333333
2002,49,1.8
2002,50,10.22
2002,51,20.96
2002,52,5.75
2002,53,8.8
2002,54,8.92
2002,55,9
2002,56,8.2
2002,57,28.4
2002,58,8.15
2002,59,0.1
2002,60,0
2002,61,2.9333333333
2002,62,0.975
2002,63,7.6
2002,64,0
2002,65,2.2
2002,66,3.28
2002,67,0.04
2002,68,0
2002,69,0
2002,70,0
2002,71,0.9333333333
2002,72,0
2002,73,1.44
2003,1,0
2003,2,0
2003,3,0
2003,4,0
2003,5,0
2003,6,0
2003,7,0
2003,8,0
2003,9,5.08
2003,10,0
2003,11,0
2003,12,0
2003,13,0
2003,14,0
2003,15,0
2003,16,0.95
2003,17,0.25
2003,18,0
2003,19,0
2003,20,4.04
2003,21,0.12
2003,22,0.3333333333
2003,23,6.25
2003,24,0
2003,25,3.04
2003,26,1.15
2003,27,1.75
2003,28,9.34
2003,29,11.72
2003,30,103.32
2003,31,20.24
2003,32,0
2003,33,3.44
2003,34,120.28
2003,35,2.52
2003,36,14.36
2003,37,19.25
2003,38,4.88
2003,39,3.02
2003,40,9.68
2003,41,106.52
2003,42,5.2
2003,43,12.92
2003,44,66.8
2003,45,20.72
2003,46,20.2
2003,47,77.08
2003,48,16.72
2003,49,17.6
2003,50,7.28
2003,51,10.72
2003,52,3.96
2003,53,14
2003,54,13.44
2003,55,1.5333333333
2003,56,0
2003,57,11.44
2003,58,19.36
2003,59,5.2
2003,60,0.7
2003,61,2.62
2003,62,0
2003,63,0.2
2003,64,8.3
2003,65,1.64
2003,66,1.85
2003,67,0
2003,68,0
2003,69,0
2003,70,0.6
2003,71,0
2003,72,0
2003,73,0.4
2004,1,0
2004,2,3.24
2004,3,0
2004,4,0.08
2004,5,0
2004,6,0.08
2004,7,0
2004,8,14
2004,9,0.45
2004,10,0
2004,11,14.16
2004,12,0
2004,13,0
2004,14,0
2004,15,0
2004,16,0
2004,17,0
2004,18,0
2004,19,0
2004,20,0.3
2004,21,0
2004,22,1.28
2004,23,3
2004,24,3.64
2004,25,9.16
2004,26,11.35
2004,27,0.15
2004,28,25.4
2004,29,36.12
2004,30,5.84
2004,31,6.64
2004,32,25.32
2004,33,18.44
2004,34,0.64
2004,35,4.64
2004,36,135.68
2004,37,101.54
2004,38,11.92
2004,39,4.24
2004,40,20.2
2004,41,33.7
2004,42,11.88
2004,43,17.04
2004,44,16.96
2004,45,15.6
2004,46,8.35
2004,47,42.4
2004,48,186.94
2004,49,9.24
2004,50,22.64
2004,51,0
2004,52,5.76
2004,53,5.4
2004,54,0.4
2004,55,8.44
2004,56,4
2004,57,0
2004,58,0.36
2004,59,0.4
2004,60,0
2004,61,0.16
2004,62,0
2004,63,0
2004,64,0
2004,65,0.35
2004,66,6.64
2004,67,16.12
2004,68,38.525
2004,69,0
2004,70,0
2004,71,0.2
2004,72,0
2004,73,0
2005,1,0
2005,2,0.05
2005,3,0
2005,4,0
2005,5,0
2005,6,0
2005,7,0
2005,8,0
2005,9,0
2005,10,0
2005,11,0
2005,12,0
2005,13,0
2005,14,0
2005,15,0
2005,16,4.2
2005,17,0
2005,18,10.5
2005,19,0.48
2005,20,0
2005,21,3.6
2005,22,3.8
2005,23,0
2005,24,0
2005,25,2.8
2005,26,0
2005,27,2.08
2005,28,8.5
2005,29,13.68
2005,30,31.48
2005,31,46.76
2005,32,18.94
2005,33,11.5
2005,34,0.12
2005,35,0.8
2005,36,10.24
2005,37,3.1
2005,38,9.7
2005,39,8.36
2005,40,21.88
2005,41,12.56
2005,42,4.28
2005,43,15.96
2005,44,35.64
2005,45,49.56
2005,46,7
2005,47,11.7
2005,48,6.96
2005,49,19.76
2005,50,19.28
2005,51,4.88
2005,52,8.54
2005,53,78.66
2005,54,14.1
2005,55,1.68
2005,56,24.9
2005,57,21.6
2005,58,5.35
2005,59,1.12
2005,60,5.6666666667
2005,61,1.24
2005,62,0.1
2005,63,1.32
2005,64,5.56
2005,65,2.8
2005,66,1.08
2005,67,0
2005,68,1.32
2005,69,1.76
2005,70,0.2
2005,71,6.68
2005,72,0.32
2005,73,4.2
2006,1,7.3
2006,2,0.44
2006,3,0
2006,4,0
2006,5,27.6
2006,6,4.7
2006,7,1.56
2006,8,0.2
2006,9,0
2006,10,0
2006,11,0
2006,12,0
2006,13,0
2006,14,0
2006,15,7.15
2006,16,1.84
2006,17,0
2006,18,0.12
2006,19,0
2006,20,0
2006,21,1.15
2006,22,5
2006,23,0
2006,24,0
2006,25,0
2006,26,8.42
2006,27,6.15
2006,28,16.26
2006,29,20.88
2006,30,2.74
2006,31,1.16
2006,32,5.8
2006,33,4.04
2006,34,4.2
2006,35,12.6
2006,36,8.96
2006,37,3.88
2006,38,66.72
2006,39,202.06
2006,40,2.9
2006,41,30.32
2006,42,23.54
2006,43,40.9
2006,44,11.76
2006,45,7.84
2006,46,57.32
2006,47,53.76
2006,48,8.04
2006,49,2.25
2006,50,3.15
2006,51,10.32
2006,52,6.36
2006,53,3.28
2006,54,12.28
2006,55,7.12
2006,56,0
2006,57,10.16
2006,58,1.04
2006,59,0
2006,60,4.55
2006,61,48.2
2006,62,3.8666666667
2006,63,14.8
2006,64,0
2006,65,0
2006,66,0
2006,67,1.48
2006,68,0.52
2006,69,5.92
2006,70,0
2006,71,0.84
2006,72,0
2006,73,0
2007,1,0
2007,2,0
2007,3,0
2007,4,0
2007,5,0
2007,6,0
2007,7,0.12
2007,8,0
2007,9,0
2007,10,0
2007,11,0
2007,12,0
2007,13,0.1333333333
2007,14,0
2007,15,0
2007,16,5.28
2007,17,1.25
2007,18,0
2007,19,1.0666666667
2007,20,0.9333333333
2007,21,2.72
2007,22,0.04
2007,23,0.08
2007,24,1.04
2007,25,0
2007,26,8.14
2007,27,16.36
2007,28,0.2
2007,29,19.025
2007,30,20.76
2007,31,14.8
2007,32,6.45
2007,33,2.3
2007,34,18.45
2007,35,18.56
2007,36,22.6
2007,37,4.7
2007,38,7.2
2007,39,8
2007,40,1.6
2007,41,6.08
2007,42,15.84
2007,43,4.2
2007,44,65.32
2007,45,59.48
2007,46,71.56
2007,47,21
2007,48,24.76
2007,49,6.56
2007,50,11
2007,51,2.55
2007,52,17.72
2007,53,9.76
2007,54,15.56
2007,55,29.96
2007,56,44.88
2007,57,5.12
2007,58,5.76
2007,59,9.52
2007,60,4.72
2007,61,1.26
2007,62,35.5
2007,63,0.65
2007,64,20.8
2007,65,1.15
2007,66,43.88
2007,67,2.55
2007,68,0
2007,69,2.96
2007,70,0
2007,71,0
2007,72,0
2007,73,1.36
2008,1,0
2008,2,0
2008,3,3.32
2008,4,0.24
2008,5,1.24
2008,6,0
2008,7,0
2008,8,0
2008,9,0
2008,10,0.06
2008,11,2.88
2008,12,14.3166666667
2008,13,2.7
2008,14,2.52
2008,15,0
2008,16,1.04
2008,17,0
2008,18,8.76
2008,19,0.2
2008,20,0.44
2008,21,6.08
2008,22,0.08
2008,23,13.12
2008,24,10.04
2008,25,19.76
2008,26,2.48
2008,27,11
2008,28,115.36
2008,29,12.4
2008,30,6.96
2008,31,3.12
2008,32,5.68
2008,33,5.96
2008,34,13.64
2008,35,20.12
2008,36,12.88
2008,37,5.28
2008,38,4
2008,39,25.48
2008,40,36.04
2008,41,9.84
2008,42,50.96
2008,43,23.56
2008,44,44.1
2008,45,22.88
2008,46,9.68
2008,47,92.28
2008,48,11.84
2008,49,6.64
2008,50,2.6
2008,51,19
2008,52,12
2008,53,90.2
2008,54,21.2
2008,55,3.52
2008,56,10.92
2008,57,8.92
2008,58,7.9
2008,59,4.72
2008,60,0.2
2008,61,0.2
2008,62,0.08
2008,63,15.52
2008,64,0
2008,65,0.08
2008,66,0.84
2008,67,0
2008,68,0
2008,69,0
2008,70,0
2008,71,0
2008,72,0
2008,73,0
2009,1,0
2009,2,1.28
2009,3,0
2009,4,0
2009,5,0.16
2009,6,0
2009,7,0
2009,8,1
2009,9,1.46
2009,10,5.56
2009,11,4.88
2009,12,0
2009,13,0
2009,14,1.38
2009,15,0.36
2009,16,0
2009,17,0.44
2009,18,14.4
2009,19,2.52
2009,20,4.24
2009,21,0
2009,22,6.2
2009,23,42.9
2009,24,25.6
2009,25,10.72
2009,26,46.82
2009,27,9.28
2009,28,1.04
2009,29,0
2009,30,11.68
2009,31,72.36
2009,32,44.48
2009,33,8.12
2009,34,26.56
2009,35,3.52
2009,36,6.88
2009,37,4.7
2009,38,32.64
2009,39,26.8
2009,40,55.96
2009,41,6.08
2009,42,21.9
2009,43,18.52
2009,44,147.52
2009,45,4.44
2009,46,18.82
2009,47,1.12
2009,48,19.6
2009,49,18.12
2009,50,16.2
2009,51,40.1
2009,52,11.08
2009,53,11.12
2009,54,18.6
2009,55,8.32
2009,56,221.96
2009,57,151.6
2009,58,1.76
2009,59,11.84
2009,60,4.84
2009,61,0.28
2009,62,1.56
2009,63,0
2009,64,0
2009,65,1.52
2009,66,1.36
2009,67,0
2009,68,0
2009,69,0
2009,70,0
2009,71,0
2009,72,0
2009,73,0
2010,1,0
2010,2,0
2010,3,0
2010,4,0
2010,5,0
2010,6,0
2010,7,0
2010,8,0
2010,9,0
2010,10,0
2010,11,0
2010,12,0
2010,13,0
2010,14,0
2010,15,1.66
2010,16,0
2010,17,1.4
2010,18,0
2010,19,0
2010,20,0
2010,21,1
2010,22,0
2010,23,11.68
2010,24,17.04
2010,25,4.68
2010,26,4.76
2010,27,1.72
2010,28,2.84
2010,29,8.44
2010,30,20.52
2010,31,10.62
2010,32,2.48
2010,33,14.04
2010,34,12.48
2010,35,11.4
2010,36,5.34
2010,37,3.88
2010,38,19.96
2010,39,16.74
2010,40,17.04
2010,41,24.92
2010,42,18.68
2010,43,35.12
2010,44,28.34
2010,45,5.88
2010,46,14.28
2010,47,9.06
2010,48,6.84
2010,49,27.44
2010,50,9.16
2010,51,10.68
2010,52,10
2010,53,4.52
2010,54,11.52
2010,55,2.14
2010,56,9.2
2010,57,9.84
2010,58,13.66
2010,59,136.62
2010,60,13.92
2010,61,0
2010,62,2.2
2010,63,26.6
2010,64,1.76
2010,65,5.48
2010,66,9.24
2010,67,0
2010,68,0.84
2010,69,0.6
2010,70,4.16
2010,71,0
2010,72,3.88
2010,73,0
